file_name,text
16600.png,"bar|quantitative|Discrepancy in expenditure estimate of GDP (constant LCU)|nominal|Country"
16558.png,"bar|quantitative|Success rate(as % of new cases)|temporal|Year"
32976.png,"bar|temporal|Year|quantitative|Unemployed females(% of female labor force ages 15-24)"
32030.png,"bar|nominal|Country|quantitative|Debt(current US$)"
21386.png,"line|temporal|Year|quantitative|Cost of computers, communications and other services (% of commerical service exports)"
31796.png,"bar|nominal|Country|quantitative|Cereal Production (hectares)"
33163.png,"bar|nominal|Country|quantitative|% of population"
16186.png,"bar|quantitative|Proportion of dependents per 100 working-age population|temporal|Year"
16594.png,"bar|quantitative|Population in urban agglomerations (in %)|temporal|Year"
4698.png,"circle|temporal|Year|quantitative|Workers(% of females employed)"
15752.png,"bar|quantitative|Debt(% of exports of goods, services and primary income)|nominal|Country"
32706.png,"bar|temporal|Year|quantitative|Number of days"
16413.png,"bar|quantitative|Land (in sq. km)|temporal|Year"
5107.png,"circle|temporal|Year|quantitative|Secondary income (in US$)"
22257.png,"line|temporal|Year|quantitative|Total reserves (current US$)"
15319.png,"bar|quantitative|Unemployed laborers (% of total labor force)|temporal|Year"
33194.png,"bar|temporal|Year|quantitative|% of women ages 15-49"
22158.png,"line|temporal|Year|quantitative|Unemployed females (as % of female labor force)"
15048.png,"bar|quantitative|Vulnerable male employment (% of total male employment)|temporal|Year"
21788.png,"line|temporal|Year|quantitative|Domestic credit (% of GDP)"
16726.png,"bar|quantitative|CO2 emissions (in kt)|nominal|Country"
21292.png,"line|temporal|Year|quantitative|Rating (1=most business-friendly regulations)"
32177.png,"bar|temporal|Year|quantitative|Survival rate(%)"
15071.png,"bar|quantitative|Unemployed laborers (% of total labor force)|temporal|Year"
15008.png,"bar|quantitative|Total Vulnerable employment (% of total employment)|nominal|Country"
16463.png,"bar|quantitative|Number of procedures to build a warehouse|temporal|Year"
15166.png,"bar|quantitative|% of fertilizer production|temporal|Year"
33269.png,"bar|nominal|Country|quantitative|Amount in kilograms"
32220.png,"bar|temporal|Year|quantitative|Investment (in US$)"
15562.png,"bar|quantitative|Loss(as % of annual sales)|temporal|Year"
4907.png,"circle|temporal|Year|quantitative|Volume(million ton-km)"
16241.png,"bar|quantitative|Cereal Production (hectares)|temporal|Year"
4996.png,"circle|temporal|Year|quantitative|Time (in hours)"
16804.png,"bar|quantitative|Full-time male workers(% of males employed)|nominal|Country"
31881.png,"bar|temporal|Year|quantitative|% of reported infant deaths to estimated infant deaths"
15334.png,"bar|quantitative|Land (in sq. km)|temporal|Year"
21675.png,"line|temporal|Year|quantitative|Total debt (in current US$)"
4514.png,"circle|temporal|Year|quantitative|Unemployed Males (% of male labor force)"
15196.png,"bar|quantitative|Exports (% of total merchandise exports)|temporal|Year"
21883.png,"line|temporal|Year|quantitative|Time spent(% of senior management time)"
16451.png,"bar|quantitative|Investment (in US$)|temporal|Year"
22283.png,"line|temporal|Year|quantitative|Area of land (in hectares)"
15138.png,"bar|quantitative|Population(% of urban population)|nominal|Country"
33368.png,"bar|nominal|Country|quantitative|Population(% of urban population)"
22087.png,"line|temporal|Year|quantitative|Tuberculosis incidents (per 100,000 people)"
22122.png,"line|temporal|Year|quantitative|Number of tax payers"
15999.png,"bar|quantitative|Resource allocation index (1=low 6=high)|nominal|Country"
5525.png,"circle|temporal|Year|quantitative|Population(% of urban population)"
32395.png,"bar|nominal|Country|quantitative|Percentage of enrolment in primary education (%)"
22312.png,"line|temporal|Year|quantitative|Children(% of under-5 population)"
32524.png,"bar|temporal|Year|quantitative|% of reported total deaths to estimated total deaths"
33016.png,"bar|nominal|Country|quantitative|Unemployed laborers (% of total labor force)"
33551.png,"bar|temporal|Year|quantitative|Area of land (hectares per person)"
15715.png,"bar|quantitative|Value (as % of sales)|temporal|Year"
15375.png,"bar|quantitative|Number of tax payers|temporal|Year"
32882.png,"bar|temporal|Year|quantitative|% of poverty lines"
33407.png,"bar|nominal|Country|quantitative|Net GHG emissions or removals (Mt of CO2 equivalent)"
32992.png,"bar|temporal|Year|quantitative|Primary income (current US$)"
31894.png,"bar|temporal|Year|quantitative|Debt(current US$)"
4754.png,"circle|temporal|Year|quantitative|Insurance services (% of service imports)"
16294.png,"bar|quantitative|Number of total applications|temporal|Year"
15274.png,"bar|quantitative|Unemployed population (as % of total labor force ages 15-24)|nominal|Country"
5316.png,"circle|temporal|Year|quantitative|% of households"
32553.png,"bar|temporal|Year|quantitative|Survival rate(%)"
16713.png,"bar|quantitative|Success rate(as % of new cases)|nominal|Country"
21599.png,"line|temporal|Year|quantitative|Time (in hours)"
32949.png,"bar|nominal|Country|quantitative|Unemployment (% of total unemployment)"
16272.png,"bar|quantitative|Value added (constant Local Currency Unit)|nominal|Country"
21857.png,"line|temporal|Year|quantitative|Unemployment (% of total unemployment)"
32610.png,"bar|nominal|Country|quantitative|Cost(current US$)"
21461.png,"line|temporal|Year|quantitative|Proportion of dependents per 100 working-age population"
16316.png,"bar|quantitative|Amount of energy used(kg of oil equivalent per capita)|temporal|Year"
15802.png,"bar|quantitative|Value added (constant Local Currency Unit)|nominal|Country"
5473.png,"circle|temporal|Year|quantitative|Agriculture value added per worker (constant 2005 US$)"
16245.png,"bar|quantitative|Number of years|temporal|Year"
31870.png,"bar|temporal|Year|quantitative|% of male youth population"
22392.png,"line|temporal|Year|quantitative|Unemployed population (as % of total labor force)"
31883.png,"bar|temporal|Year|quantitative|Domestic credit (% of GDP)"
32343.png,"bar|temporal|Year|quantitative|Female Labor Force(as % of total labor force)"
4458.png,"circle|temporal|Year|quantitative|Insurance services (% of commercial service imports)"
4689.png,"circle|temporal|Year|quantitative|Value (as % of sales)"
4936.png,"circle|temporal|Year|quantitative|Amount (in current US$)"
33562.png,"bar|temporal|Year|quantitative|Number of tax payers"
32091.png,"bar|temporal|Year|quantitative|Rating index(maximum value in 2004 = 100)"
33299.png,"bar|nominal|Country|quantitative|Number of neonatal deaths"
21707.png,"line|temporal|Year|quantitative|Vulnerable female employment (% of total female employment)"
33527.png,"bar|temporal|Year|quantitative|Percentage of enrolment in primary education (%)"
33654.png,"bar|nominal|Country|quantitative|Coverage(% of people living with HIV)"
4988.png,"circle|temporal|Year|quantitative|Total Vulnerable employment (% of total employment)"
15757.png,"bar|quantitative|Imports (% of total merchandise imports)|nominal|Country"
21986.png,"line|temporal|Year|quantitative|Trained Teachers (% of total teachers)"
21924.png,"line|temporal|Year|quantitative|Tuberculosis incidents (per 100,000 people)"
16813.png,"bar|quantitative|% of reported infant deaths to estimated infant deaths|temporal|Year"
16309.png,"bar|quantitative|Amount of energy used(kg of oil equivalent per capita)|temporal|Year"
16480.png,"bar|quantitative|Birth Registration (in %)|temporal|Year"
32781.png,"bar|nominal|Country|quantitative|% of women justifying domestic violence"
5457.png,"circle|temporal|Year|quantitative|Teachers, male (%)"
15379.png,"bar|quantitative|Agriculture value added per worker (constant 2005 US$)|temporal|Year"
33481.png,"bar|temporal|Year|quantitative|Teachers, female (%)"
33512.png,"bar|temporal|Year|quantitative|Electric power consumption (kWh per capita)"
32853.png,"bar|temporal|Year|quantitative|Calories (kilocalories per person per day)"
33214.png,"bar|nominal|Country|quantitative|Amount of energy used(kg of oil equivalent per capita)"
16821.png,"bar|quantitative|% of youth population|temporal|Year"
22281.png,"line|temporal|Year|quantitative|Amount (in current US$)"
16677.png,"bar|quantitative|% of fertilizer production|nominal|Country"
32112.png,"bar|nominal|Country|quantitative|Number of registrations"
15157.png,"bar|quantitative|Net Energy imports(% of energy use)|nominal|Country"
4472.png,"circle|temporal|Year|quantitative|Investment (in US$)"
4663.png,"circle|temporal|Year|quantitative|Consumption of fixed capital (as % of GNI)"
22214.png,"line|temporal|Year|quantitative|Losses(% of output)"
16540.png,"bar|quantitative|Unemployed females(% of female labor force ages 15-24)|temporal|Year"
22199.png,"line|temporal|Year|quantitative|Population in poverty (% of rural population)"
5532.png,"circle|temporal|Year|quantitative|Emissions(metric tons per capita)"
21827.png,"line|temporal|Year|quantitative|Total subscribers"
16165.png,"bar|quantitative|Average precipitation (mm )|nominal|Country"
16240.png,"bar|quantitative|Unemployed laborers (% of total labor force)|temporal|Year"
33240.png,"bar|nominal|Country|quantitative|Amount (in current US$)"
4758.png,"circle|temporal|Year|quantitative|Number of total applications"
5521.png,"circle|temporal|Year|quantitative|Birth Registration (in %)"
15790.png,"bar|quantitative|Population(%)|temporal|Year"
31906.png,"bar|temporal|Year|quantitative|Unemployed females (as % of female labor force ages 15-24)"
33056.png,"bar|temporal|Year|quantitative|Discrepancy in expenditure estimate of GDP (current LCU)"
32400.png,"bar|nominal|Country|quantitative|Population(%)"
21758.png,"line|temporal|Year|quantitative|Rating (1=underdeveloped to 7=well developed) "
21869.png,"line|temporal|Year|quantitative|Agriculture value added per worker (constant 2005 US$)"
15356.png,"bar|quantitative|% of repeaters|temporal|Year"
22011.png,"line|temporal|Year|quantitative|% of births"
16407.png,"bar|quantitative|Rating index(maximum value in 2004 = 100)|nominal|Country"
31774.png,"bar|nominal|Country|quantitative|Cost(current US$)"
33311.png,"bar|temporal|Year|quantitative|Price level ratio"
16193.png,"bar|quantitative|Cereal Production (hectares)|nominal|Country"
32519.png,"bar|nominal|Country|quantitative|% of children in employment"
32852.png,"bar|temporal|Year|quantitative|International Reserves (current US$)"
4519.png,"circle|temporal|Year|quantitative|Total debt (in current US$)"
15951.png,"bar|quantitative|Part-time female workers(% of females employed)|nominal|Country"
33313.png,"bar|temporal|Year|quantitative|Population in poverty (% of rural population)"
15854.png,"bar|quantitative|Number of children|temporal|Year"
4620.png,"circle|temporal|Year|quantitative|Number of total applications"
31916.png,"bar|temporal|Year|quantitative|Percentage of repeaters (%)"
16525.png,"bar|quantitative|Area of land (hectares per person)|nominal|Country"
33052.png,"bar|temporal|Year|quantitative|% of women ages 15-49"
21871.png,"line|temporal|Year|quantitative|Agriculture value added per worker (constant 2005 US$)"
16770.png,"bar|quantitative|Yield kg per hectare|nominal|Country"
32213.png,"bar|nominal|Country|quantitative|Unemployment (% of male unemployment)"
32523.png,"bar|nominal|Country|quantitative|Teachers, female (%)"
15733.png,"bar|quantitative|Land (in sq. km)|temporal|Year"
21539.png,"line|temporal|Year|quantitative|Value added (constant Local Currency Unit)"
31892.png,"bar|temporal|Year|quantitative|Personal remittance (current US$)"
21459.png,"line|temporal|Year|quantitative|Number of anaemic children (in %)"
21434.png,"line|temporal|Year|quantitative|Amount (in current US$)"
33458.png,"bar|nominal|Country|quantitative|Cost(current US$)"
31902.png,"bar|temporal|Year|quantitative|Imports (% of total merchandise imports)"
33150.png,"bar|nominal|Country|quantitative|Emissions(metric tons per capita)"
16000.png,"bar|quantitative|Unemployment (% of female unemployment)|nominal|Country"
16339.png,"bar|quantitative|Per cubic meter of total freshwater withdrawal(constant 2005 US$ GDP)|temporal|Year"
21501.png,"line|temporal|Year|quantitative|Information index(0=low to 8=high)"
21713.png,"line|temporal|Year|quantitative|Unemployed females(% of female labor force ages 15-24)"
15889.png,"bar|quantitative|Unemployment (% of total unemployment)|temporal|Year"
15193.png,"bar|quantitative|Number of meetings(average for affected firms)|nominal|Country"
4528.png,"circle|temporal|Year|quantitative|Expenditure (as % of GNI)"
15754.png,"bar|quantitative|Expenditure (as % of GNI)|temporal|Year"
22233.png,"line|temporal|Year|quantitative|Number of days"
16182.png,"bar|quantitative|Population(% of urban population)|temporal|Year"
15056.png,"bar|quantitative|Amount of exports(% of total goods exports)|nominal|Country"
4602.png,"circle|temporal|Year|quantitative|Per cubic meter of total freshwater withdrawal(constant 2005 US$ GDP)"
16246.png,"bar|quantitative|Literacy rate(%)|nominal|Country"
15444.png,"bar|quantitative|Unemployment (% of female unemployment)|nominal|Country"
33649.png,"bar|temporal|Year|quantitative|% of reported total deaths to estimated total deaths"
16519.png,"bar|quantitative|Debt(current US$)|nominal|Country"
5554.png,"circle|temporal|Year|quantitative|Population(%)"
33371.png,"bar|temporal|Year|quantitative|Part-time female workers(% of females employed)"
32677.png,"bar|temporal|Year|quantitative|Consumption of fixed capital (as % of GNI)"
5437.png,"circle|temporal|Year|quantitative|Personal remittance (current US$)"
22161.png,"line|temporal|Year|quantitative|Unemployed population (as % of total labor force)"
33503.png,"bar|nominal|Country|quantitative|Consumption of fixed capital (as % of GNI)"
32752.png,"bar|nominal|Country|quantitative|Unemployment (% of male unemployment)"
5165.png,"circle|temporal|Year|quantitative|Amount of exports(% of total goods exports)"
32672.png,"bar|temporal|Year|quantitative|Proportion of dependents per 100 working-age population"
4656.png,"circle|temporal|Year|quantitative|% of firms"
16469.png,"bar|quantitative|Debt(% of exports of goods, services and primary income)|temporal|Year"
21708.png,"line|temporal|Year|quantitative|% of total agricultural land"
33574.png,"bar|temporal|Year|quantitative|Number of procedures to build a warehouse"
21562.png,"line|temporal|Year|quantitative|Unemployed females(% of female labor force ages 15-24)"
21437.png,"line|temporal|Year|quantitative|Unemployed females(% of female labor force ages 15-24)"
32758.png,"bar|nominal|Country|quantitative| Unmet need for contraception(% of married women ages 15-49)"
32443.png,"bar|temporal|Year|quantitative|Internet users (% of population)"
4592.png,"circle|temporal|Year|quantitative|Rating index(maximum value in 2004 = 100)"
33118.png,"bar|temporal|Year|quantitative|% of reported infant deaths to estimated infant deaths"
32887.png,"bar|temporal|Year|quantitative|Birth Registration (in %)"
33254.png,"bar|temporal|Year|quantitative|Total subscribers (per 100 people)"
32627.png,"bar|temporal|Year|quantitative|Number of nurses and midwives (per 1000 people)"
16654.png,"bar|quantitative|% of total population|nominal|Country"
31919.png,"bar|temporal|Year|quantitative|Land (in sq. km)"
22132.png,"line|temporal|Year|quantitative|Discrepancy in expenditure estimate of GDP (constant LCU)"
16458.png,"bar|quantitative|Losses(% of output)|temporal|Year"
32517.png,"bar|temporal|Year|quantitative|Debt(current US$)"
32715.png,"bar|nominal|Country|quantitative|Cost(current US$)"
15035.png,"bar|quantitative|Total reserves (current US$)|nominal|Country"
21961.png,"line|temporal|Year|quantitative|Number of days"
21407.png,"line|temporal|Year|quantitative|Annual freshwater withdrawals (% of internal resources)"
15219.png,"bar|quantitative|Energy consumed(% of total)|temporal|Year"
16614.png,"bar|quantitative|Elevated land area (as % of total land area)|temporal|Year"
4591.png,"circle|temporal|Year|quantitative|Domestic credit (% of GDP)"
4900.png,"circle|temporal|Year|quantitative|Current account balance (current US$)"
16664.png,"bar|quantitative|new registrations per 1,000 people ages 15-64|temporal|Year"
32254.png,"bar|temporal|Year|quantitative|Ratio(expressed as %)"
22172.png,"line|temporal|Year|quantitative|Energy consumed(% of total)"
4466.png,"circle|temporal|Year|quantitative|Unemployed males (as % of male labor force ages 15-24)"
15580.png,"bar|quantitative|Literacy rate(%)|temporal|Year"
16184.png,"bar|quantitative|Amount of stocks(% of population)|nominal|Country"
16287.png,"bar|quantitative|Investment (in US$)|temporal|Year"
21998.png,"line|temporal|Year|quantitative|% of households"
15624.png,"bar|quantitative|Unemployed females (as % of female labor force)|nominal|Country"
32106.png,"bar|temporal|Year|quantitative|Cost(current US$)"
15099.png,"bar|quantitative|Exports (% of total merchandise exports)|temporal|Year"
15287.png,"bar|quantitative|Unemployed Males (% of male labor force)|temporal|Year"
4743.png,"circle|temporal|Year|quantitative|% of total population"
21291.png,"line|temporal|Year|quantitative|Calories (kilocalories per person per day)"
15703.png,"bar|quantitative|Survival Rate(%)|temporal|Year"
4612.png,"circle|temporal|Year|quantitative|Unemployed population (as % of total labor force ages 15-24)"
15146.png,"bar|quantitative|Trained Teachers (% of total teachers)|nominal|Country"
4731.png,"circle|temporal|Year|quantitative|Amount of imports(% of total goods imports)"
5039.png,"circle|temporal|Year|quantitative|Volume(million ton-km)"
33099.png,"bar|nominal|Country|quantitative|Full-time male workers(% of males employed)"
22266.png,"line|temporal|Year|quantitative|Current account balance (% of GDP)"
15097.png,"bar|quantitative|Children(% of children ages 6-59 months)|nominal|Country"
32037.png,"bar|nominal|Country|quantitative|Losses(% of output)"
16149.png,"bar|quantitative|Debt(% of exports of goods, services and primary income)|temporal|Year"
33306.png,"bar|nominal|Country|quantitative|Time spent(% of senior management time)"
21569.png,"line|temporal|Year|quantitative|Success rate(as % of new cases)"
21831.png,"line|temporal|Year|quantitative|Investment (in US$)"
22211.png,"line|temporal|Year|quantitative|% of fertilizer production"
15341.png,"bar|quantitative|Exports (% of total merchandise exports)|nominal|Country"
16164.png,"bar|quantitative| Unmet need for contraception(% of married women ages 15-49)|temporal|Year"
32365.png,"bar|temporal|Year|quantitative|IMF credit(in current US$)"
15814.png,"bar|quantitative|% of poverty lines|nominal|Country"
33275.png,"bar|temporal|Year|quantitative|Number of workers (per 1,000 people)"
21657.png,"line|temporal|Year|quantitative|Number of tax payers"
22272.png,"line|temporal|Year|quantitative|Armed forces personnel"
4941.png,"circle|temporal|Year|quantitative|Unemployed females (as % of female labor force ages 15-24)"
5057.png,"circle|temporal|Year|quantitative|Aid flow from DAC donars (current US$)"
15181.png,"bar|quantitative|Cost of computers, communications and other services (% of commerical service exports)|nominal|Country"
5240.png,"circle|temporal|Year|quantitative|Value added (constant Local Currency Unit)"
16671.png,"bar|quantitative|Enrollment rate (%)|nominal|Country"
32931.png,"bar|nominal|Country|quantitative|% of children under 5 taken to a health provider"
4515.png,"circle|temporal|Year|quantitative|Internet users (% of population)"
33569.png,"bar|temporal|Year|quantitative|Annual freshwater withdrawals (% of internal resources)"
21682.png,"line|temporal|Year|quantitative|Number of passengers carried"
4668.png,"circle|temporal|Year|quantitative|Imports (% of GDP)"
16128.png,"bar|quantitative| Unmet need for contraception(% of married women ages 15-49)|temporal|Year"
5314.png,"circle|temporal|Year|quantitative|Number of days"
22397.png,"line|temporal|Year|quantitative|% of poverty lines"
15535.png,"bar|quantitative|Unemployed population (as % of total labor force)|nominal|Country"
15089.png,"bar|quantitative|Personal remittance (current US$)|nominal|Country"
22175.png,"line|temporal|Year|quantitative|Net Energy imports(% of energy use)"
15653.png,"bar|quantitative|Population growth (in %)|nominal|Country"
5034.png,"circle|temporal|Year|quantitative|Loss(as % of annual sales)"
4969.png,"circle|temporal|Year|quantitative|Children(% of under-5 population)"
32801.png,"bar|nominal|Country|quantitative|Number of neonatal deaths"
5140.png,"circle|temporal|Year|quantitative|Total Vulnerable employment (% of total employment)"
5474.png,"circle|temporal|Year|quantitative|Total Vulnerable employment (% of total employment)"
16009.png,"bar|quantitative|Clean energy produced (as % of total energy)|temporal|Year"
21947.png,"line|temporal|Year|quantitative|Total subscribers"
15456.png,"bar|quantitative|Intensity (kg per kg of oil equivalent energy use)|temporal|Year"
16753.png,"bar|quantitative|% of children in employment|temporal|Year"
22042.png,"line|temporal|Year|quantitative|Value added (constant Local Currency Unit)"
5235.png,"circle|temporal|Year|quantitative|% of youth population"
33594.png,"bar|temporal|Year|quantitative|Land (in sq. km)"
22053.png,"line|temporal|Year|quantitative|Population in poverty (% of total population)"
4781.png,"circle|temporal|Year|quantitative| Unmet need for contraception(% of married women ages 15-49)"
4911.png,"circle|temporal|Year|quantitative|Primary income (current US$)"
21456.png,"line|temporal|Year|quantitative|Twenty- foot Equivalent Units(TEU)"
15488.png,"bar|quantitative|Unemployed females(% of female labor force ages 15-24)|nominal|Country"
32984.png,"bar|nominal|Country|quantitative|Unemployment (% of male unemployment)"
32076.png,"bar|temporal|Year|quantitative|% of children under 5 taken to a health provider"
16256.png,"bar|quantitative|Full-time workers(% of total employed)|temporal|Year"
15017.png,"bar|quantitative|% of total agricultural land|temporal|Year"
33534.png,"bar|temporal|Year|quantitative|Debt(% of exports of goods, services and primary income)"
15643.png,"bar|quantitative|Expenditure (as % of GNI)|temporal|Year"
21944.png,"line|temporal|Year|quantitative|Children(% of children ages 6-59 months)"
16124.png,"bar|quantitative|Expenditure (as % of GDP per capita)|temporal|Year"
32776.png,"bar|nominal|Country|quantitative|Imports (% of total merchandise imports)"
16718.png,"bar|quantitative|Discrepancy in expenditure estimate of GDP (current LCU)|nominal|Country"
21505.png,"line|temporal|Year|quantitative|Amount of money (in US$)"
32925.png,"bar|temporal|Year|quantitative|Investment (in US$)"
32587.png,"bar|temporal|Year|quantitative|Unemployed total(% of total labor force ages 15-24)"
31923.png,"bar|nominal|Country|quantitative|Total reserves (current US$)"
4979.png,"circle|temporal|Year|quantitative| Unmet need for contraception(% of married women ages 15-49)"
5147.png,"circle|temporal|Year|quantitative|Value added (current Local Currency Unit)"
32034.png,"bar|temporal|Year|quantitative|Imports (% of GDP)"
4485.png,"circle|temporal|Year|quantitative|Yield kg per hectare"
15542.png,"bar|quantitative|Number of workers (per 1,000 people)|temporal|Year"
4973.png,"circle|temporal|Year|quantitative|Number of total applications"
16175.png,"bar|quantitative|Amount (in current US$)|nominal|Country"
5061.png,"circle|temporal|Year|quantitative|Emissions(metric tons per capita)"
16768.png,"bar|quantitative|Imports (% of GDP)|temporal|Year"
33102.png,"bar|temporal|Year|quantitative|Number of procedures to build a warehouse"
22038.png,"line|temporal|Year|quantitative|Cost (as % of GNI)"
16859.png,"bar|quantitative|Cost of computers, communications and other services (% of commerical service exports)|temporal|Year"
33463.png,"bar|nominal|Country|quantitative|Amount (in current US$)"
33208.png,"bar|temporal|Year|quantitative|Teachers, male (%)"
16099.png,"bar|quantitative|Unemployed females (as % of female labor force ages 15-24)|temporal|Year"
33639.png,"bar|temporal|Year|quantitative|Unemployed females(% of female labor force ages 15-24)"
21852.png,"line|temporal|Year|quantitative|Time spent(% of senior management time)"
22170.png,"line|temporal|Year|quantitative|% of women justifying domestic violence"
33234.png,"bar|temporal|Year|quantitative|Time (in hours)"
33289.png,"bar|nominal|Country|quantitative|Children(% of under-5 population)"
15131.png,"bar|quantitative|Earning from trade(% of GDP)|nominal|Country"
33084.png,"bar|temporal|Year|quantitative|Average number of days"
32575.png,"bar|nominal|Country|quantitative|Armed forces personnel"
15798.png,"bar|quantitative|Births attended by skilled health staff (% of total births)|temporal|Year"
15468.png,"bar|quantitative|Unemployment (% of total unemployment)|nominal|Country"
16361.png,"bar|quantitative|Unemployment (% of male unemployment)|nominal|Country"
22327.png,"line|temporal|Year|quantitative|Unemployed males (as % of male labor force ages 15-24)"
33139.png,"bar|nominal|Country|quantitative|% of female youth population"
16686.png,"bar|quantitative|% of children in employment|temporal|Year"
15307.png,"bar|quantitative|Rating (1=extremely inefficient to 7=extremely efficient)|temporal|Year"
32556.png,"bar|temporal|Year|quantitative|% of reported infant deaths to estimated infant deaths"
4674.png,"circle|temporal|Year|quantitative|Land (in sq. km)"
16159.png,"bar|quantitative|Amount of total stocks|temporal|Year"
4634.png,"circle|temporal|Year|quantitative|Discrepancy in expenditure estimate of GDP (current LCU)"
5412.png,"circle|temporal|Year|quantitative|Score (0=lowest to 100=highest performance)"
5126.png,"circle|temporal|Year|quantitative|% of youth population"
16312.png,"bar|quantitative|Unemployed males(% of male labor force ages 15-24)|nominal|Country"
32476.png,"bar|temporal|Year|quantitative|Number of children"
16076.png,"bar|quantitative|Part-time male workers(% of males employed)|nominal|Country"
15057.png,"bar|quantitative|Expenditure (as % of GDP per capita)|temporal|Year"
21723.png,"line|temporal|Year|quantitative|Official exchange rate (LCU per US$ period average)"
16313.png,"bar|quantitative|Women receiving prenatal care (%)|temporal|Year"
5141.png,"circle|temporal|Year|quantitative|% of fertilizer production"
4536.png,"circle|temporal|Year|quantitative|% of children under 5 taken to a health provider"
33333.png,"bar|temporal|Year|quantitative|Time (in hours)"
21590.png,"line|temporal|Year|quantitative|Insurance services (% of commercial service imports)"
4694.png,"circle|temporal|Year|quantitative|% of children in employment"
15939.png,"bar|quantitative|Exports (% of total merchandise exports)|nominal|Country"
31941.png,"bar|temporal|Year|quantitative|Number of tractors"
15059.png,"bar|quantitative|Amount (in $)|nominal|Country"
4836.png,"circle|temporal|Year|quantitative|Aid flow (current US$)"
21318.png,"line|temporal|Year|quantitative|Children(% of under-5 population)"
32150.png,"bar|temporal|Year|quantitative|Unemployed females (as % of female labor force)"
5300.png,"circle|temporal|Year|quantitative|Average precipitation (mm )"
33104.png,"bar|nominal|Country|quantitative|Full-time workers(% of total employed)"
32658.png,"bar|temporal|Year|quantitative|Literacy rate(%)"
32290.png,"bar|temporal|Year|quantitative|Success rate(as % of new cases)"
21913.png,"line|temporal|Year|quantitative|Clean energy produced (as % of total energy)"
31808.png,"bar|temporal|Year|quantitative|Insurance services (% of commercial service imports)"
32099.png,"bar|temporal|Year|quantitative|Female Labor Force(as % of total labor force)"
21637.png,"line|temporal|Year|quantitative|Official exchange rate (LCU per US$ period average)"
15778.png,"bar|quantitative|Amount spent (in $)|nominal|Country"
15349.png,"bar|quantitative|Unemployed males (as % of male labor force ages 15-24)|temporal|Year"
32423.png,"bar|nominal|Country|quantitative|Enrollment rate (%)"
33356.png,"bar|temporal|Year|quantitative|Number of power outages"
32382.png,"bar|temporal|Year|quantitative|Debt in Euros(%)"
31956.png,"bar|temporal|Year|quantitative|% of fertilizer production"
5468.png,"circle|temporal|Year|quantitative|Number of passengers carried"
21846.png,"line|temporal|Year|quantitative|% of repeaters"
33160.png,"bar|temporal|Year|quantitative|Total reserves (current US$)"
15787.png,"bar|quantitative|Domestic credit (% of GDP)|temporal|Year"
15029.png,"bar|quantitative|Population in poverty (% of rural population)|temporal|Year"
22331.png,"line|temporal|Year|quantitative|Twenty- foot Equivalent Units(TEU)"
15828.png,"bar|quantitative|Literacy rate(%)|temporal|Year"
16006.png,"bar|quantitative|Unemployed laborers (% of total labor force)|temporal|Year"
31797.png,"bar|temporal|Year|quantitative|Annual freshwater withdrawals (billion cubic meters)"
15498.png,"bar|quantitative|Discrepancy in expenditure estimate of GDP (constant LCU)|nominal|Country"
32176.png,"bar|temporal|Year|quantitative|Population growth (in %)"
21667.png,"line|temporal|Year|quantitative|% of women ages 15-49"
33059.png,"bar|temporal|Year|quantitative|Score (0=lowest to 100=highest performance)"
32803.png,"bar|temporal|Year|quantitative|Labor Force (as % of population)"
21579.png,"line|temporal|Year|quantitative|Part-time workers(% of total employed)"
15159.png,"bar|quantitative|Number of tractors|nominal|Country"
15155.png,"bar|quantitative|Unemployed population (as % of total labor force)|nominal|Country"
32699.png,"bar|nominal|Country|quantitative|Imports (% of total merchandise imports)"
32597.png,"bar|nominal|Country|quantitative|Population(%)"
4759.png,"circle|temporal|Year|quantitative|Unemployed females (as % of female labor force ages 15-24)"
16729.png,"bar|quantitative|Number of flight takeoffs|temporal|Year"
22135.png,"line|temporal|Year|quantitative|Total reserves (current US$)"
4760.png,"circle|temporal|Year|quantitative|Teachers, female (%)"
4904.png,"circle|temporal|Year|quantitative|Net ODA received per capita (current US$)"
16301.png,"bar|quantitative|Number of passengers carried|nominal|Country"
4567.png,"circle|temporal|Year|quantitative|Number of years"
5131.png,"circle|temporal|Year|quantitative|Teachers, male (%)"
5145.png,"circle|temporal|Year|quantitative|Total subscribers"
5118.png,"circle|temporal|Year|quantitative|% of fertilizer production"
16454.png,"bar|quantitative|Amount (in current US$)|nominal|Country"
15974.png,"bar|quantitative|Number of servers(per 1 million people)|nominal|Country"
5090.png,"circle|temporal|Year|quantitative|% of households"
5116.png,"circle|temporal|Year|quantitative|% of youth population"
21881.png,"line|temporal|Year|quantitative|Part-time male workers(% of males employed)"
33616.png,"bar|temporal|Year|quantitative|Workers(% of females employed)"
5536.png,"circle|temporal|Year|quantitative|% of fertilizer production"
15530.png,"bar|quantitative|new registrations per 1,000 people ages 15-64|temporal|Year"
22306.png,"line|temporal|Year|quantitative|Ratio(expressed as %)"
15919.png,"bar|quantitative|Payments(% of exports of goods, services and primary income)|temporal|Year"
32073.png,"bar|temporal|Year|quantitative|Debt in Euros(%)"
21980.png,"line|temporal|Year|quantitative|% of households with a female head"
15700.png,"bar|quantitative|Number of registrations|nominal|Country"
5111.png,"circle|temporal|Year|quantitative|Success rate(as % of new cases)"
16282.png,"bar|quantitative|Women receiving prenatal care (%)|nominal|Country"
16762.png,"bar|quantitative|Volume(million ton-km)|nominal|Country"
4806.png,"circle|temporal|Year|quantitative|Cost(current US$)"
32242.png,"bar|temporal|Year|quantitative|Value added (constant Local Currency Unit)"
22341.png,"line|temporal|Year|quantitative|Strength Index( 0 = weak,12 = strong)"
22186.png,"line|temporal|Year|quantitative|Cost (as % of GNI)"
32772.png,"bar|nominal|Country|quantitative|% of poverty lines"
4843.png,"circle|temporal|Year|quantitative|Discrepancy in expenditure estimate of GDP (constant LCU)"
21728.png,"line|temporal|Year|quantitative|new registrations per 1,000 people ages 15-64"
4603.png,"circle|temporal|Year|quantitative|Per cubic meter of total freshwater withdrawal(constant 2005 US$ GDP)"
16432.png,"bar|quantitative|Birth Registration (in %)|temporal|Year"
32455.png,"bar|temporal|Year|quantitative|Number of anaemic children (in %)"
16061.png,"bar|quantitative|Trained Teachers (% of total teachers)|temporal|Year"
21823.png,"line|temporal|Year|quantitative|Number of meetings(average for affected firms)"
32114.png,"bar|temporal|Year|quantitative|Coverage(% of people living with HIV)"
4633.png,"circle|temporal|Year|quantitative|Expenditure (as % of GNI)"
15022.png,"bar|quantitative|Number of days|nominal|Country"
21414.png,"line|temporal|Year|quantitative|Annual freshwater withdrawals (% of internal resources)"
16420.png,"bar|quantitative|Cost (as % of GNI)|temporal|Year"
5519.png,"circle|temporal|Year|quantitative|% of households with a female head"
5021.png,"circle|temporal|Year|quantitative|Amount of electricity produced(kWh)"
16712.png,"bar|quantitative|Cost of computers, communications and other services (% of commerical service exports)|nominal|Country"
16281.png,"bar|quantitative|Twenty- foot Equivalent Units(TEU)|temporal|Year"
31823.png,"bar|temporal|Year|quantitative|Unemployed females (as % of female labor force)"
4665.png,"circle|temporal|Year|quantitative|Aid flow (current US$)"
33460.png,"bar|temporal|Year|quantitative|Amount (in $)"
32867.png,"bar|temporal|Year|quantitative|Investment (in US$)"
16628.png,"bar|quantitative|Exports (% of total merchandise exports)|temporal|Year"
5222.png,"circle|temporal|Year|quantitative|Full-time workers(% of total employed)"
21805.png,"line|temporal|Year|quantitative|Unemployed population (as % of total labor force ages 15-24)"
15618.png,"bar|quantitative|Success rate(as % of new cases)|temporal|Year"
15215.png,"bar|quantitative|Number of neonatal deaths|nominal|Country"
32879.png,"bar|temporal|Year|quantitative|Strength Index( 0 = weak,12 = strong)"
32818.png,"bar|temporal|Year|quantitative|Debt(current US$)"
22410.png,"line|temporal|Year|quantitative|Amount of energy used(kg of oil equivalent per capita)"
4452.png,"circle|temporal|Year|quantitative|Total reserves (current US$)"
5011.png,"circle|temporal|Year|quantitative|% of fertilizer production"
5000.png,"circle|temporal|Year|quantitative|Cost (as % of GNI)"
31938.png,"bar|temporal|Year|quantitative|Unemployed population (as % of total labor force ages 15-24)"
15710.png,"bar|quantitative|Total reserves (current US$)|temporal|Year"
16307.png,"bar|quantitative|% of children under 5 receiving oral rehydration|nominal|Country"
33546.png,"bar|temporal|Year|quantitative|Amount of stocks(% of population)"
4874.png,"circle|temporal|Year|quantitative|% of repeaters"
21613.png,"line|temporal|Year|quantitative|Teachers, male (%)"
22226.png,"line|temporal|Year|quantitative|Number of neonatal deaths"
32570.png,"bar|temporal|Year|quantitative|Cost(% of GNI per capita)"
16275.png,"bar|quantitative|Earning from trade(% of GDP)|temporal|Year"
16831.png,"bar|quantitative|Number of neonatal deaths|nominal|Country"
21735.png,"line|temporal|Year|quantitative|Women receiving prenatal care (%)"
32379.png,"bar|temporal|Year|quantitative|Per cubic meter of total freshwater withdrawal(constant 2005 US$ GDP)"
15151.png,"bar|quantitative|Percentage of repeaters (%)|nominal|Country"
15870.png,"bar|quantitative|Energy consumed(% of total)|nominal|Country"
32806.png,"bar|temporal|Year|quantitative|Unemployed total(% of total labor force ages 15-24)"
32126.png,"bar|temporal|Year|quantitative| Unmet need for contraception(% of married women ages 15-49)"
5198.png,"circle|temporal|Year|quantitative|Number of procedures to build a warehouse"
15398.png,"bar|quantitative|Number of workers (per 1,000 people)|nominal|Country"
31982.png,"bar|temporal|Year|quantitative|Area of land (hectares per person)"
16138.png,"bar|quantitative|Total reserves (current US$)|temporal|Year"
32008.png,"bar|temporal|Year|quantitative|Cost of computers, communications and other services (% of commerical service exports)"
16104.png,"bar|quantitative|% of children who received DPT vaccine|nominal|Country"
21658.png,"line|temporal|Year|quantitative|Population (as % of total population)"
33042.png,"bar|nominal|Country|quantitative|Rating (1=underdeveloped to 7=well developed) "
4828.png,"circle|temporal|Year|quantitative|Payments(% of exports of goods, services and primary income)"
16790.png,"bar|quantitative|Population in poverty (% of rural population)|temporal|Year"
4714.png,"circle|temporal|Year|quantitative|Investment (in US$)"
16489.png,"bar|quantitative|Total reserves (current US$)|temporal|Year"
33494.png,"bar|temporal|Year|quantitative|% of commercial services imports"
32807.png,"bar|temporal|Year|quantitative|Tuberculosis incidents (per 100,000 people)"
14978.png,"bar|quantitative|Number of tractors|temporal|Year"
21648.png,"line|temporal|Year|quantitative|Amount (in $)"
22151.png,"line|temporal|Year|quantitative|Per cubic meter of total freshwater withdrawal(constant 2005 US$ GDP)"
4449.png,"circle|temporal|Year|quantitative|Unemployment (% of male unemployment)"
15781.png,"bar|quantitative|Number (per 1,000 people)|temporal|Year"
16512.png,"bar|quantitative|Discrepancy in expenditure estimate of GDP (constant LCU)|temporal|Year"
32090.png,"bar|nominal|Country|quantitative|Unemployed population (as % of total labor force ages 15-24)"
16687.png,"bar|quantitative|Time (in hours)|temporal|Year"
5510.png,"circle|temporal|Year|quantitative|Unemployed females (as % of female labor force ages 15-24)"
16100.png,"bar|quantitative|Expenditure (as % of GDP per capita)|temporal|Year"
4845.png,"circle|temporal|Year|quantitative|Stocks(% of exports of goods, services and primary income)"
32468.png,"bar|nominal|Country|quantitative|Survival rate(%)"
16643.png,"bar|quantitative|Debt(% of exports of goods, services and primary income)|nominal|Country"
33431.png,"bar|temporal|Year|quantitative|Amount in kilograms"
16214.png,"bar|quantitative|Cost(% of GNI per capita)|nominal|Country"
4970.png,"circle|temporal|Year|quantitative|Waste generated(% of total energy)"
4500.png,"circle|temporal|Year|quantitative|Prive value of exports (constant LCU)"
21933.png,"line|temporal|Year|quantitative|Primary income (current US$)"
15045.png,"bar|quantitative|Workers(% of total employed)|nominal|Country"
5543.png,"circle|temporal|Year|quantitative|Primary income (current US$)"
21870.png,"line|temporal|Year|quantitative|Twenty- foot Equivalent Units(TEU)"
32293.png,"bar|nominal|Country|quantitative|Payments(% of exports of goods, services and primary income)"
4786.png,"circle|temporal|Year|quantitative|Amount of imports(% of total goods imports)"
15350.png,"bar|quantitative|Amount of CO2 emissions(kg per 2005 US$ of GDP)|nominal|Country"
5181.png,"circle|temporal|Year|quantitative|Population(%)"
32586.png,"bar|nominal|Country|quantitative|Number of total applications"
5481.png,"circle|temporal|Year|quantitative|Number of children"
32183.png,"bar|temporal|Year|quantitative|Cost of communications, computer etc. (% of service exports)"
32905.png,"bar|temporal|Year|quantitative|Domestic credit (% of GDP)"
32205.png,"bar|nominal|Country|quantitative|Vulnerable male employment (% of total male employment)"
15980.png,"bar|quantitative|Debt in Euros(%)|temporal|Year"
4523.png,"circle|temporal|Year|quantitative|Population growth (in %)"
33142.png,"bar|temporal|Year|quantitative|Number of children"
16412.png,"bar|quantitative|Amount of CO2 emissions(kg per 2005 US$ of GDP)|temporal|Year"
5395.png,"circle|temporal|Year|quantitative|Mean income or consumption per capita(2011 PPP $ per day)"
33144.png,"bar|temporal|Year|quantitative|Elevated land area (as % of total land area)"
21687.png,"line|temporal|Year|quantitative|Global Equity Indices (annual % change)"
32070.png,"bar|nominal|Country|quantitative|Cost(current US$)"
15622.png,"bar|quantitative|Annual freshwater withdrawals (billion cubic meters)|temporal|Year"
16670.png,"bar|quantitative|Prive value of exports (constant LCU)|temporal|Year"
32948.png,"bar|temporal|Year|quantitative|Unemployed males(% of male labor force ages 15-24)"
15881.png,"bar|quantitative|Earning from trade(% of GDP)|nominal|Country"
21568.png,"line|temporal|Year|quantitative|Annual freshwater withdrawals (% of internal resources)"
16698.png,"bar|quantitative|% of poverty lines|temporal|Year"
33543.png,"bar|temporal|Year|quantitative|Amount (in $)"
21732.png,"line|temporal|Year|quantitative|Total Vulnerable employment (% of total employment)"
4855.png,"circle|temporal|Year|quantitative|Number of servers(per 1 million people)"
32212.png,"bar|nominal|Country|quantitative|Population(%)"
4808.png,"circle|temporal|Year|quantitative|Unemployed population (as % of total labor force)"
21992.png,"line|temporal|Year|quantitative|Number of days"
32676.png,"bar|nominal|Country|quantitative|Workers(% of females employed)"
15730.png,"bar|quantitative|Unemployed total(% of total labor force ages 15-24)|temporal|Year"
32884.png,"bar|nominal|Country|quantitative|Unemployed males(% of male labor force ages 15-24)"
21789.png,"line|temporal|Year|quantitative|CO2 emissions (in kt)"
16072.png,"bar|quantitative|Amount of exports(% of total goods exports)|temporal|Year"
33249.png,"bar|nominal|Country|quantitative|Full-time workers(% of total employed)"
4616.png,"circle|temporal|Year|quantitative|Amount of CO2 emissions(kg per 2005 US$ of GDP)"
32175.png,"bar|temporal|Year|quantitative|Number of tax payers"
32060.png,"bar|temporal|Year|quantitative|Discrepancy in expenditure estimate of GDP (current LCU)"
21619.png,"line|temporal|Year|quantitative|Insurance services (% of commercial service imports)"
16183.png,"bar|quantitative|Amount spent (in $)|temporal|Year"
16406.png,"bar|quantitative|Survival Rate(%)|temporal|Year"
15577.png,"bar|quantitative|Female Labor Force(as % of total labor force)|nominal|Country"
16721.png,"bar|quantitative|% of births|nominal|Country"
31853.png,"bar|temporal|Year|quantitative|Population(%)"
15171.png,"bar|quantitative|Net Energy imports(% of energy use)|temporal|Year"
4965.png,"circle|temporal|Year|quantitative|Number of servers(per 1 million people)"
15343.png,"bar|quantitative|Survival Rate(%)|nominal|Country"
32342.png,"bar|nominal|Country|quantitative|Unemployed Males (% of male labor force)"
33267.png,"bar|temporal|Year|quantitative|Imports (% of total merchandise imports)"
32688.png,"bar|nominal|Country|quantitative|Agriculture value added per worker (constant 2005 US$)"
15459.png,"bar|quantitative|Expenditure (as % of GDP per capita)|temporal|Year"
5462.png,"circle|temporal|Year|quantitative|Emissions(metric tons per capita)"
32952.png,"bar|nominal|Country|quantitative|% of households"
31964.png,"bar|nominal|Country|quantitative|IMF credit(in current US$)"
32967.png,"bar|temporal|Year|quantitative|Population growth (in %)"
16335.png,"bar|quantitative|Value added (current Local Currency Unit)|nominal|Country"
32431.png,"bar|temporal|Year|quantitative|Debt(% of exports of goods, services and primary income)"
33215.png,"bar|temporal|Year|quantitative|% of households"
15386.png,"bar|quantitative|Unemployment (% of male unemployment)|nominal|Country"
33510.png,"bar|temporal|Year|quantitative|% of population"
5246.png,"circle|temporal|Year|quantitative|Twenty- foot Equivalent Units(TEU)"
16543.png,"bar|quantitative|Production in metric tons|nominal|Country"
21412.png,"line|temporal|Year|quantitative|% of tax revenue"
4450.png,"circle|temporal|Year|quantitative|International Reserves (current US$)"
33072.png,"bar|temporal|Year|quantitative|Number of beds (per 1,000 people)"
32840.png,"bar|nominal|Country|quantitative|Cost of communications, computer etc. (% of service imports)"
32299.png,"bar|temporal|Year|quantitative|Number of days"
22150.png,"line|temporal|Year|quantitative|Total reserves (current US$)"
21867.png,"line|temporal|Year|quantitative|% of firms"
21602.png,"line|temporal|Year|quantitative|Cost(current US$)"
5060.png,"circle|temporal|Year|quantitative|Net GHG emissions or removals (Mt of CO2 equivalent)"
22247.png,"line|temporal|Year|quantitative|Debt in Euros(%)"
15187.png,"bar|quantitative|Secondary income (in US$)|temporal|Year"
5247.png,"circle|temporal|Year|quantitative|% of women justifying domestic violence"
16682.png,"bar|quantitative|Losses(% of output)|temporal|Year"
15400.png,"bar|quantitative|Calories (kilocalories per person per day)|nominal|Country"
32998.png,"bar|temporal|Year|quantitative|Cost of computers, communications and other services (% of commerical service exports)"
5361.png,"circle|temporal|Year|quantitative|Net Energy imports(% of energy use)"
5182.png,"circle|temporal|Year|quantitative|% of poverty lines"
32624.png,"bar|nominal|Country|quantitative|% of poverty lines"
33625.png,"bar|temporal|Year|quantitative|Time spent(% of senior management time)"
15470.png,"bar|quantitative|Amount spent (in $)|temporal|Year"
15596.png,"bar|quantitative|Population(%)|nominal|Country"
15290.png,"bar|quantitative|Teachers, female (%)|nominal|Country"
32403.png,"bar|nominal|Country|quantitative|Average number of days"
33256.png,"bar|temporal|Year|quantitative|Rating (1=extremely inefficient to 7=extremely efficient)"
16425.png,"bar|quantitative|Clean energy produced (as % of total energy)|temporal|Year"
16751.png,"bar|quantitative|Unemployed females(% of female labor force ages 15-24)|nominal|Country"
15397.png,"bar|quantitative|Mean income or consumption per capita(2011 PPP $ per day)|temporal|Year"
4443.png,"circle|temporal|Year|quantitative|Unemployed males (as % of male labor force)"
16277.png,"bar|quantitative|Imports (% of GDP)|nominal|Country"
16717.png,"bar|quantitative|Unemployed females(% of female labor force ages 15-24)|nominal|Country"
33461.png,"bar|nominal|Country|quantitative|Total reserves (current US$)"
33224.png,"bar|nominal|Country|quantitative|Literacy rate(%)"
15556.png,"bar|quantitative|Unemployed Males (% of male labor force)|nominal|Country"
16749.png,"bar|quantitative|Total subscribers (per 100 people)|temporal|Year"
4984.png,"circle|temporal|Year|quantitative|Population in urban agglomerations (in %)"
21464.png,"line|temporal|Year|quantitative|Aid flow from DAC donars (current US$)"
22005.png,"line|temporal|Year|quantitative|Electric power consumption (kWh per capita)"
33432.png,"bar|temporal|Year|quantitative|Savings (current US$)"
4861.png,"circle|temporal|Year|quantitative|Number of procedures to build a warehouse"
4468.png,"circle|temporal|Year|quantitative|Total subscribers"
15207.png,"bar|quantitative|Number of total applications|nominal|Country"
4479.png,"circle|temporal|Year|quantitative|Rating (1=extremely inefficient to 7=extremely efficient)"
33108.png,"bar|temporal|Year|quantitative|Rating (1=extremely inefficient to 7=extremely efficient)"
22330.png,"line|temporal|Year|quantitative|Workers(% of females employed)"
33630.png,"bar|temporal|Year|quantitative|Discrepancy in expenditure estimate of GDP (constant LCU)"
31977.png,"bar|nominal|Country|quantitative|Number of passengers carried"
31826.png,"bar|nominal|Country|quantitative|Full-time workers(% of total employed)"
32104.png,"bar|temporal|Year|quantitative|IMF credit(in current US$)"
5328.png,"circle|temporal|Year|quantitative|Amount (in current US$)"
31783.png,"bar|nominal|Country|quantitative|Consumption of fixed capital (as % of GNI)"
22390.png,"line|temporal|Year|quantitative|Literacy rate(%)"
4498.png,"circle|temporal|Year|quantitative|Total Vulnerable employment (% of total employment)"
15574.png,"bar|quantitative|Stocks(% of exports of goods, services and primary income)|temporal|Year"
21610.png,"line|temporal|Year|quantitative|Number of neonatal deaths"
32329.png,"bar|nominal|Country|quantitative|Unemployed population (as % of total labor force)"
15229.png,"bar|quantitative|Savings (current US$)|nominal|Country"
4662.png,"circle|temporal|Year|quantitative|Primary income (current US$)"
15950.png,"bar|quantitative|Value (as % of sales)|temporal|Year"
22078.png,"line|temporal|Year|quantitative|% of commercial services imports"
21906.png,"line|temporal|Year|quantitative|Number of flight takeoffs"
16521.png,"bar|quantitative|Debt(% of exports of goods, services and primary income)|nominal|Country"
14997.png,"bar|quantitative|Workers(% of females employed)|nominal|Country"
21839.png,"line|temporal|Year|quantitative|Number of tractors"
22062.png,"line|temporal|Year|quantitative|Clean energy produced (as % of total energy)"
16069.png,"bar|quantitative|Current account balance (% of GDP)|temporal|Year"
16292.png,"bar|quantitative|Unemployed total(% of total labor force ages 15-24)|nominal|Country"
15709.png,"bar|quantitative|Amount of energy used(kg of oil equivalent per capita)|nominal|Country"
32181.png,"bar|temporal|Year|quantitative|Amount of imports(% of total goods imports)"
32525.png,"bar|temporal|Year|quantitative|Loss(as % of annual sales)"
22296.png,"line|temporal|Year|quantitative|Insurance services (% of service imports)"
32368.png,"bar|nominal|Country|quantitative|Unemployed males(% of male labor force ages 15-24)"
21792.png,"line|temporal|Year|quantitative|% of firms"
15606.png,"bar|quantitative|Waste generated(% of total energy)|nominal|Country"
15963.png,"bar|quantitative|Trained Teachers (% of total teachers)|temporal|Year"
16696.png,"bar|quantitative|Debt(current US$)|nominal|Country"
5367.png,"circle|temporal|Year|quantitative|Energy consumed(% of total)"
32359.png,"bar|temporal|Year|quantitative| Unmet need for contraception(% of married women ages 15-49)"
16499.png,"bar|quantitative|Savings (current US$)|temporal|Year"
22333.png,"line|temporal|Year|quantitative|Cost(current US$)"
16752.png,"bar|quantitative|Cost(current US$)|nominal|Country"
32051.png,"bar|temporal|Year|quantitative|% of male youth population"
15012.png,"bar|quantitative|Number of passengers carried|nominal|Country"
4908.png,"circle|temporal|Year|quantitative|Payments(% of exports of goods, services and primary income)"
15708.png,"bar|quantitative|Number of procedures to build a warehouse|temporal|Year"
16253.png,"bar|quantitative|Amount of electricity produced(kWh)|nominal|Country"
4732.png,"circle|temporal|Year|quantitative|Population(%)"
4738.png,"circle|temporal|Year|quantitative|Births attended by skilled health staff (% of total births)"
22083.png,"line|temporal|Year|quantitative|Unemployed population (as % of total labor force)"
21470.png,"line|temporal|Year|quantitative|Insurance services (% of service imports)"
5218.png,"circle|temporal|Year|quantitative|Number of total applications"
31828.png,"bar|temporal|Year|quantitative|Total Vulnerable employment (% of total employment)"
15719.png,"bar|quantitative|% of children who received DPT vaccine|temporal|Year"
15838.png,"bar|quantitative|Total reserves (current US$)|temporal|Year"
32062.png,"bar|nominal|Country|quantitative|Yield kg per hectare"
16134.png,"bar|quantitative|Amount spent (% of revenue)|temporal|Year"
4675.png,"circle|temporal|Year|quantitative|Aid flow from DAC donars (current US$)"
21335.png,"line|temporal|Year|quantitative|Amount of stocks(% of population)"
22198.png,"line|temporal|Year|quantitative|Number of meetings(average for affected firms)"
21842.png,"line|temporal|Year|quantitative|Number of total applications"
22304.png,"line|temporal|Year|quantitative|Enrollments (in %)"
16552.png,"bar|quantitative|Proportion of dependents per 100 working-age population|temporal|Year"
32934.png,"bar|temporal|Year|quantitative|Electric power consumption (kWh per capita)"
16502.png,"bar|quantitative|Number of meetings(average for affected firms)|temporal|Year"
32014.png,"bar|nominal|Country|quantitative|Population(% of urban population)"
21892.png,"line|temporal|Year|quantitative|Price level ratio"
15501.png,"bar|quantitative|Cost (as % of GNI)|temporal|Year"
16268.png,"bar|quantitative|Full-time workers(% of total employed)|nominal|Country"
31753.png,"bar|nominal|Country|quantitative|Total reserves (current US$)"
33361.png,"bar|temporal|Year|quantitative|% of reported infant deaths to estimated infant deaths"
22231.png,"line|temporal|Year|quantitative|Total subscribers"
15372.png,"bar|quantitative|Cost of computers, communications and other services (% of commerical service exports)|temporal|Year"
33429.png,"bar|nominal|Country|quantitative|Life expectancy(years)"
4768.png,"circle|temporal|Year|quantitative|Amount of CO2 emissions(kg per 2005 US$ of GDP)"
5482.png,"circle|temporal|Year|quantitative|Net Energy imports(% of energy use)"
33003.png,"bar|temporal|Year|quantitative|Stocks(% of exports of goods, services and primary income)"
5429.png,"circle|temporal|Year|quantitative|Production in metric tons"
32387.png,"bar|temporal|Year|quantitative|Personal remittance (current US$)"
16317.png,"bar|quantitative|Proportion of dependents per 100 working-age population|nominal|Country"
32504.png,"bar|nominal|Country|quantitative|% of households with a female head"
32716.png,"bar|nominal|Country|quantitative|Percentage of enrolment in primary education (%)"
15797.png,"bar|quantitative|Vulnerable male employment (% of total male employment)|nominal|Country"
33105.png,"bar|temporal|Year|quantitative|Number of children"
15006.png,"bar|quantitative|Number of beds (per 1,000 people)|temporal|Year"
32804.png,"bar|temporal|Year|quantitative|Value (as % of sales)"
4682.png,"circle|temporal|Year|quantitative|Number of meetings(average for affected firms)"
32268.png,"bar|temporal|Year|quantitative|Population(%)"
21946.png,"line|temporal|Year|quantitative|Information index(0=low to 8=high)"
15447.png,"bar|quantitative|Population growth (in %)|nominal|Country"
32753.png,"bar|temporal|Year|quantitative|Value added (constant Local Currency Unit)"
33057.png,"bar|temporal|Year|quantitative|Percentage of enrolment in primary education (%)"
15564.png,"bar|quantitative|Cost of computers, communications and other services (% of commerical service exports)|temporal|Year"
15568.png,"bar|quantitative|Twenty- foot Equivalent Units(TEU)|nominal|Country"
33419.png,"bar|nominal|Country|quantitative|Vulnerable male employment (% of total male employment)"
32442.png,"bar|nominal|Country|quantitative|Number of workers (per 1,000 people)"
16150.png,"bar|quantitative|Unemployment (% of male unemployment)|temporal|Year"
33260.png,"bar|nominal|Country|quantitative|% of reported total deaths to estimated total deaths"
5404.png,"circle|temporal|Year|quantitative|Unemployed females (as % of female labor force ages 15-24)"
15698.png,"bar|quantitative|Land (in sq. km)|nominal|Country"
22313.png,"line|temporal|Year|quantitative|Cost of computers, communications and other services (% of commerical service exports)"
14980.png,"bar|quantitative|Number of days|temporal|Year"
5033.png,"circle|temporal|Year|quantitative|Savings (current US$)"
15605.png,"bar|quantitative|Personal remittance (current US$)|nominal|Country"
4750.png,"circle|temporal|Year|quantitative|Production in metric tons"
21665.png,"line|temporal|Year|quantitative|Land (in sq. km)"
16669.png,"bar|quantitative|% of women ages 15-49|temporal|Year"
4584.png,"circle|temporal|Year|quantitative|Unemployment (% of total unemployment)"
32399.png,"bar|nominal|Country|quantitative|Percentage of enrolment in primary education (%)"
33428.png,"bar|nominal|Country|quantitative|Emissions(metric tons per capita)"
4725.png,"circle|temporal|Year|quantitative|Percentage of repeaters (%)"
4888.png,"circle|temporal|Year|quantitative|Internet users (% of population)"
5177.png,"circle|temporal|Year|quantitative|% of population"
16320.png,"bar|quantitative|Calories (kilocalories per person per day)|nominal|Country"
21905.png,"line|temporal|Year|quantitative|Birth Registration (in %)"
5190.png,"circle|temporal|Year|quantitative|Number of passengers carried"
15033.png,"bar|quantitative|Survival rate(%)|nominal|Country"
15313.png,"bar|quantitative|Population(%)|nominal|Country"
16590.png,"bar|quantitative|Amount (in current US$)|temporal|Year"
15010.png,"bar|quantitative|% of fertilizer production|temporal|Year"
32557.png,"bar|temporal|Year|quantitative|Workers(% of males employed)"
32247.png,"bar|temporal|Year|quantitative|Yield kg per hectare"
21984.png,"line|temporal|Year|quantitative|Women receiving prenatal care (%)"
33304.png,"bar|temporal|Year|quantitative|International Reserves (current US$)"
16439.png,"bar|quantitative|Cereal Production (hectares)|nominal|Country"
31944.png,"bar|nominal|Country|quantitative|Losses(% of output)"
15261.png,"bar|quantitative|Cereal Production (hectares)|nominal|Country"
21415.png,"line|temporal|Year|quantitative|Rating (1=underdeveloped to 7=well developed) "
33195.png,"bar|nominal|Country|quantitative|Number (per 1,000 people)"
31895.png,"bar|nominal|Country|quantitative|Number (per 1,000 people)"
15722.png,"bar|quantitative|Net Energy imports(% of energy use)|temporal|Year"
15164.png,"bar|quantitative|Unemployment (% of total unemployment)|nominal|Country"
5243.png,"circle|temporal|Year|quantitative|Population (as % of total population)"
21438.png,"line|temporal|Year|quantitative|Cost of computers, communications and other services (% of commerical service exports)"
32723.png,"bar|nominal|Country|quantitative|Number of days"
16211.png,"bar|quantitative|Amount of CO2 emissions(kg per 2005 US$ of GDP)|temporal|Year"
15536.png,"bar|quantitative|Amount of stocks(% of population)|nominal|Country"
15506.png,"bar|quantitative|Value added (current Local Currency Unit)|temporal|Year"
4784.png,"circle|temporal|Year|quantitative|Life expectancy(years)"
16063.png,"bar|quantitative|Amount of imports(% of total goods imports)|nominal|Country"
33529.png,"bar|nominal|Country|quantitative|Internet users (% of population)"
22002.png,"line|temporal|Year|quantitative|% of fertilizer production"
4816.png,"circle|temporal|Year|quantitative|Energy consumed(% of total)"
16578.png,"bar|quantitative|Total Vulnerable employment (% of total employment)|nominal|Country"
33015.png,"bar|temporal|Year|quantitative|Number of days"
21963.png,"line|temporal|Year|quantitative|Detection rate (%, all forms)"
4857.png,"circle|temporal|Year|quantitative|Unemployed Males (% of male labor force)"
16224.png,"bar|quantitative|Armed forces personnel|temporal|Year"
15323.png,"bar|quantitative|Value added (constant Local Currency Unit)|nominal|Country"
16109.png,"bar|quantitative|Full-time male workers(% of males employed)|temporal|Year"
15508.png,"bar|quantitative|Unemployed males (as % of male labor force ages 15-24)|temporal|Year"
16710.png,"bar|quantitative|Number of tractors|temporal|Year"
31984.png,"bar|nominal|Country|quantitative|Part-time male workers(% of males employed)"
4559.png,"circle|temporal|Year|quantitative|Clean energy produced (as % of total energy)"
4537.png,"circle|temporal|Year|quantitative|Unemployment (% of male unemployment)"
32251.png,"bar|nominal|Country|quantitative|Part-time workers(% of total employed)"
33653.png,"bar|nominal|Country|quantitative|Full-time male workers(% of males employed)"
33520.png,"bar|temporal|Year|quantitative|% of commercial services imports"
33180.png,"bar|nominal|Country|quantitative|Unemployment (% of female unemployment)"
4921.png,"circle|temporal|Year|quantitative|Official exchange rate (LCU per US$ period average)"
14999.png,"bar|quantitative|Unemployment (% of total unemployment)|nominal|Country"
16135.png,"bar|quantitative|Unemployed laborers (% of total labor force)|nominal|Country"
22357.png,"line|temporal|Year|quantitative|Number of days"
4570.png,"circle|temporal|Year|quantitative|Internet users (% of population)"
5431.png,"circle|temporal|Year|quantitative|Emissions(metric tons per capita)"
15381.png,"bar|quantitative|Rating index(maximum value in 2004 = 100)|temporal|Year"
33601.png,"bar|nominal|Country|quantitative|Life expectancy(years)"
22326.png,"line|temporal|Year|quantitative|Unemployment (% of male unemployment)"
32146.png,"bar|temporal|Year|quantitative|% of poverty lines"
15695.png,"bar|quantitative|Unemployed males (as % of male labor force)|nominal|Country"
32680.png,"bar|nominal|Country|quantitative|Number of tractors"
15601.png,"bar|quantitative|Amount of money (in US$)|nominal|Country"
15579.png,"bar|quantitative|Losses(% of output)|temporal|Year"
21343.png,"line|temporal|Year|quantitative|Savings (current US$)"
15332.png,"bar|quantitative|Imports (% of GDP)|nominal|Country"
21803.png,"line|temporal|Year|quantitative|Population in poverty (% of rural population)"
21347.png,"line|temporal|Year|quantitative|Unemployed population (as % of total labor force)"
16355.png,"bar|quantitative|% of tax revenue|temporal|Year"
32383.png,"bar|nominal|Country|quantitative|Cereal Production (hectares)"
32906.png,"bar|nominal|Country|quantitative|Number of power outages"
32467.png,"bar|nominal|Country|quantitative|Percentage of repeaters (%)"
15923.png,"bar|quantitative|Unemployed males (as % of male labor force ages 15-24)|temporal|Year"
31839.png,"bar|temporal|Year|quantitative|Energy consumed(% of total)"
15799.png,"bar|quantitative|Population (as % of total population)|nominal|Country"
16824.png,"bar|quantitative|Population(%)|nominal|Country"
4579.png,"circle|temporal|Year|quantitative|Production in metric tons"
4815.png,"circle|temporal|Year|quantitative|Number of total applications"
15337.png,"bar|quantitative|Number of children|temporal|Year"
21800.png,"line|temporal|Year|quantitative|Rating index(maximum value in 2004 = 100)"
32894.png,"bar|nominal|Country|quantitative|Enrollment rate (%)"
4556.png,"circle|temporal|Year|quantitative|Intensity (kg per kg of oil equivalent energy use)"
5245.png,"circle|temporal|Year|quantitative|Cost (as % of GNI)"
5046.png,"circle|temporal|Year|quantitative|Armed forces personnel"
21457.png,"line|temporal|Year|quantitative|% of reported total deaths to estimated total deaths"
32248.png,"bar|temporal|Year|quantitative|Amount of imports(% of total goods imports)"
4853.png,"circle|temporal|Year|quantitative|Average number of days"
32226.png,"bar|nominal|Country|quantitative|Electricity production (% of total)"
16140.png,"bar|quantitative|Domestic credit (% of GDP)|nominal|Country"
15247.png,"bar|quantitative|Women receiving prenatal care (%)|nominal|Country"
22061.png,"line|temporal|Year|quantitative|Number of neonatal deaths"
32419.png,"bar|temporal|Year|quantitative|Debt(% of exports of goods, services and primary income)"
15565.png,"bar|quantitative|% of fertilizer production|temporal|Year"
5508.png,"circle|temporal|Year|quantitative|Time spent(% of senior management time)"
15717.png,"bar|quantitative|Personal remittance (current US$)|temporal|Year"
15198.png,"bar|quantitative|Aid flow (current US$)|nominal|Country"
5477.png,"circle|temporal|Year|quantitative|Energy consumed(% of total)"
4683.png,"circle|temporal|Year|quantitative|Expenditure (as % of GNI)"
32289.png,"bar|temporal|Year|quantitative|Investment (in US$)"
21365.png,"line|temporal|Year|quantitative|Insurance services (% of service imports)"
33475.png,"bar|nominal|Country|quantitative|Unemployed females (as % of female labor force ages 15-24)"
33128.png,"bar|temporal|Year|quantitative|Total subscribers"
4882.png,"circle|temporal|Year|quantitative|Survival Rate(%)"
15080.png,"bar|quantitative|% of poverty lines|temporal|Year"
32321.png,"bar|temporal|Year|quantitative|% of children who received DPT vaccine"
5484.png,"circle|temporal|Year|quantitative|Number of days"
32421.png,"bar|temporal|Year|quantitative|Amount of imports(% of total goods imports)"
15345.png,"bar|quantitative|Debt(current US$)|temporal|Year"
31922.png,"bar|nominal|Country|quantitative|Coverage(% of people living with HIV)"
21879.png,"line|temporal|Year|quantitative|Part-time workers(% of total employed)"
21964.png,"line|temporal|Year|quantitative|Number of power outages"
22268.png,"line|temporal|Year|quantitative|Time (in hours)"
15190.png,"bar|quantitative|Investment (in US$)|temporal|Year"
21372.png,"line|temporal|Year|quantitative|% of total population"
21688.png,"line|temporal|Year|quantitative|IMF credit(in current US$)"
33309.png,"bar|nominal|Country|quantitative|Debt in Euros(%)"
16111.png,"bar|quantitative|Annual freshwater withdrawals (billion cubic meters)|temporal|Year"
4849.png,"circle|temporal|Year|quantitative|Total Vulnerable employment (% of total employment)"
5187.png,"circle|temporal|Year|quantitative|Time (in hours)"
33530.png,"bar|temporal|Year|quantitative|Total subscribers"
5229.png,"circle|temporal|Year|quantitative|Birth Registration (in %)"
22134.png,"line|temporal|Year|quantitative|Primary income (current US$)"
5089.png,"circle|temporal|Year|quantitative|Population (as % of total population)"
16586.png,"bar|quantitative|% of children under 5 taken to a health provider|nominal|Country"
33308.png,"bar|temporal|Year|quantitative|Enrollments (in %)"
15954.png,"bar|quantitative|Amount (in current US$)|nominal|Country"
32347.png,"bar|nominal|Country|quantitative|Number of days"
32178.png,"bar|temporal|Year|quantitative|Amount of total stocks"
32234.png,"bar|nominal|Country|quantitative|Unemployed Males (% of male labor force)"
22120.png,"line|temporal|Year|quantitative|Percentage of enrolment in primary education (%)"
33076.png,"bar|temporal|Year|quantitative|Amount (in current US$)"
5024.png,"circle|temporal|Year|quantitative|Number of children"
15968.png,"bar|quantitative|Net ODA received per capita (current US$)|nominal|Country"
32626.png,"bar|temporal|Year|quantitative|% of poverty lines"
32875.png,"bar|temporal|Year|quantitative|Births attended by skilled health staff (% of total births)"
32258.png,"bar|temporal|Year|quantitative|Amount of energy used(kg of oil equivalent per capita)"
16017.png,"bar|quantitative|Primary income (current US$)|temporal|Year"
16779.png,"bar|quantitative|Intensity (kg per kg of oil equivalent energy use)|nominal|Country"
33274.png,"bar|temporal|Year|quantitative|Clean energy produced (as % of total energy)"
15393.png,"bar|quantitative|Cost (as % of GNI)|temporal|Year"
5136.png,"circle|temporal|Year|quantitative|Population in urban agglomerations (in %)"
33582.png,"bar|nominal|Country|quantitative|Amount of CO2 emissions(kg per 2005 US$ of GDP)"
15801.png,"bar|quantitative|Unemployed females (as % of female labor force)|temporal|Year"
32604.png,"bar|nominal|Country|quantitative|CO2 emissions (in kt)"
21938.png,"line|temporal|Year|quantitative|Debt(current US$)"
33403.png,"bar|temporal|Year|quantitative|Total subscribers (per 100 people)"
4643.png,"circle|temporal|Year|quantitative|Number of troops, police, and military observers in mandate"
22207.png,"line|temporal|Year|quantitative|Area of land (in hectares)"
15243.png,"bar|quantitative|Unemployment (% of male unemployment)|nominal|Country"
4860.png,"circle|temporal|Year|quantitative|% of children in employment"
32897.png,"bar|temporal|Year|quantitative|Agriculture value added per worker (constant 2005 US$)"
33193.png,"bar|temporal|Year|quantitative|Number of procedures to build a warehouse"
33298.png,"bar|temporal|Year|quantitative|% of fertilizer production"
31794.png,"bar|temporal|Year|quantitative|Enrollments (in %)"
33220.png,"bar|temporal|Year|quantitative|Birth Registration (in %)"
32916.png,"bar|nominal|Country|quantitative|Enrollment rate (%)"
4545.png,"circle|temporal|Year|quantitative|Population (as % of total population)"
33070.png,"bar|temporal|Year|quantitative| % of children under 5"
5342.png,"circle|temporal|Year|quantitative|Births attended by skilled health staff (% of total births)"
21696.png,"line|temporal|Year|quantitative|Aid flow from DAC donars (current US$)"
15104.png,"bar|quantitative|Survival rate(%)|temporal|Year"
32378.png,"bar|nominal|Country|quantitative|Unemployed laborers (% of total labor force)"
22346.png,"line|temporal|Year|quantitative|Cost of communications, computer etc. (% of service exports)"
15061.png,"bar|quantitative|Part-time workers(% of total employed)|temporal|Year"
33095.png,"bar|nominal|Country|quantitative|Payments(% of exports of goods, services and primary income)"
5563.png,"circle|temporal|Year|quantitative|% of children who received DPT vaccine"
15479.png,"bar|quantitative|Domestic credit (% of GDP)|temporal|Year"
15507.png,"bar|quantitative|% of households with a female head|temporal|Year"
32625.png,"bar|temporal|Year|quantitative|Cost(current US$)"
21730.png,"line|temporal|Year|quantitative|Total debt (in current US$)"
15024.png,"bar|quantitative|Calories (kilocalories per person per day)|temporal|Year"
15865.png,"bar|quantitative|% of households with a female head|temporal|Year"
33541.png,"bar|temporal|Year|quantitative|Unemployment (% of total unemployment)"
21388.png,"line|temporal|Year|quantitative|Total debt (in current US$)"
15800.png,"bar|quantitative|Strength Index( 0 = weak,12 = strong)|nominal|Country"
4872.png,"circle|temporal|Year|quantitative|Unemployed females(% of female labor force ages 15-24)"
32362.png,"bar|temporal|Year|quantitative|Amount (in $)"
16283.png,"bar|quantitative|Price level ratio|nominal|Country"
16693.png,"bar|quantitative|Unemployed total(% of total labor force ages 15-24)|nominal|Country"
15304.png,"bar|quantitative|Area of land (hectares per person)|temporal|Year"
4542.png,"circle|temporal|Year|quantitative|Cost(% of GNI per capita)"
16781.png,"bar|quantitative|Prive value of exports (constant LCU)|nominal|Country"
4464.png,"circle|temporal|Year|quantitative|% of children who received DPT vaccine"
32651.png,"bar|nominal|Country|quantitative|IMF credit(in current US$)"
16379.png,"bar|quantitative|Discrepancy in expenditure estimate of GDP (constant LCU)|nominal|Country"
32692.png,"bar|temporal|Year|quantitative|Proportion of dependents per 100 working-age population"
15453.png,"bar|quantitative|Cost (as % of GNI)|temporal|Year"
21565.png,"line|temporal|Year|quantitative|Electric power consumption (kWh per capita)"
5186.png,"circle|temporal|Year|quantitative|Rating index(maximum value in 2004 = 100)"
32376.png,"bar|nominal|Country|quantitative|% of births"
5019.png,"circle|temporal|Year|quantitative|Rating (1=extremely inefficient to 7=extremely efficient)"
15858.png,"bar|quantitative|Women receiving prenatal care (%)|temporal|Year"
16049.png,"bar|quantitative|Number of days|nominal|Country"
21440.png,"line|temporal|Year|quantitative|Net Energy imports(% of energy use)"
33384.png,"bar|temporal|Year|quantitative|% of repeaters"
16736.png,"bar|quantitative|Rating index(maximum value in 2004 = 100)|temporal|Year"
15055.png,"bar|quantitative|Domestic credit (% of GDP)|nominal|Country"
32149.png,"bar|temporal|Year|quantitative|Percentage of enrolment in primary education (%)"
32163.png,"bar|nominal|Country|quantitative|Earning from trade(% of GDP)"
5399.png,"circle|temporal|Year|quantitative|Enrollment rate (%)"
32873.png,"bar|temporal|Year|quantitative|Number of days"
32665.png,"bar|temporal|Year|quantitative|Enrollments (in %)"
16018.png,"bar|quantitative|Number of registrations|nominal|Country"
16482.png,"bar|quantitative|Cost of communications, computer etc. (% of service exports)|temporal|Year"
15180.png,"bar|quantitative|Total debt (in current US$)|nominal|Country"
32041.png,"bar|temporal|Year|quantitative|Number of flight takeoffs"
33526.png,"bar|temporal|Year|quantitative|Net ODA received per capita (current US$)"
5564.png,"circle|temporal|Year|quantitative|% of children who received DPT vaccine"
4614.png,"circle|temporal|Year|quantitative|% of births"
22273.png,"line|temporal|Year|quantitative|% of children who received DPT vaccine"
22069.png,"line|temporal|Year|quantitative|Calories (kilocalories per person per day)"
15573.png,"bar|quantitative|% of reported infant deaths to estimated infant deaths|temporal|Year"
21900.png,"line|temporal|Year|quantitative|Female Labor Force(as % of total labor force)"
5479.png,"circle|temporal|Year|quantitative|% of tax revenue"
22066.png,"line|temporal|Year|quantitative|Number of passengers carried"
33588.png,"bar|nominal|Country|quantitative|Net ODA received per capita (current US$)"
21901.png,"line|temporal|Year|quantitative|Proportion of dependents per 100 working-age population"
32058.png,"bar|temporal|Year|quantitative|Payments(% of exports of goods, services and primary income)"
15133.png,"bar|quantitative|Women receiving prenatal care (%)|temporal|Year"
32858.png,"bar|temporal|Year|quantitative|Full-time male workers(% of males employed)"
4525.png,"circle|temporal|Year|quantitative|Unemployed females (as % of female labor force)"
22291.png,"line|temporal|Year|quantitative|Children(% of under-5 population)"
32666.png,"bar|temporal|Year|quantitative|Unemployed males (as % of male labor force)"
32412.png,"bar|temporal|Year|quantitative|Total debt (in current US$)"
16506.png,"bar|quantitative|Score (0=lowest to 100=highest performance)|nominal|Country"
32512.png,"bar|nominal|Country|quantitative|CO2 emissions (in kt)"
5059.png,"circle|temporal|Year|quantitative|Rating (1=underdeveloped to 7=well developed) "
4504.png,"circle|temporal|Year|quantitative|Amount of stocks(% of population)"
32901.png,"bar|temporal|Year|quantitative|Population in urban agglomerations (in %)"
5324.png,"circle|temporal|Year|quantitative|Mean income or consumption per capita(2011 PPP $ per day)"
21785.png,"line|temporal|Year|quantitative|IMF credit(in current US$)"
21956.png,"line|temporal|Year|quantitative|Insurance services (% of commercial service imports)"
33110.png,"bar|nominal|Country|quantitative|Unemployed females (as % of female labor force)"
32530.png,"bar|temporal|Year|quantitative|Cost of communications, computer etc. (% of service imports)"
5312.png,"circle|temporal|Year|quantitative|Number of anaemic children (in %)"
15591.png,"bar|quantitative|Information index(0=low to 8=high)|temporal|Year"
22328.png,"line|temporal|Year|quantitative|Net Energy imports(% of energy use)"
5199.png,"circle|temporal|Year|quantitative|Population growth (in %)"
4728.png,"circle|temporal|Year|quantitative|Cost of computers, communications and other services (% of commerical service exports)"
33606.png,"bar|nominal|Country|quantitative|Expenditure (as % of GDP per capita)"
5538.png,"circle|temporal|Year|quantitative|Secondary income (in US$)"
4880.png,"circle|temporal|Year|quantitative|Number of years"
4903.png,"circle|temporal|Year|quantitative|International Reserves (current US$)"
16358.png,"bar|quantitative|Vulnerable male employment (% of total male employment)|temporal|Year"
33342.png,"bar|temporal|Year|quantitative|Percentage of repeaters (%)"
4867.png,"circle|temporal|Year|quantitative|Emissions(metric tons per capita)"
32827.png,"bar|temporal|Year|quantitative|Global Equity Indices (annual % change)"
22070.png,"line|temporal|Year|quantitative|% of repeaters"
21878.png,"line|temporal|Year|quantitative|Expenditure (as % of GDP per capita)"
22003.png,"line|temporal|Year|quantitative|Unemployed females(% of female labor force ages 15-24)"
21376.png,"line|temporal|Year|quantitative|Unemployed females(% of female labor force ages 15-24)"
5012.png,"circle|temporal|Year|quantitative|Total Vulnerable employment (% of total employment)"
16758.png,"bar|quantitative|Rating index(maximum value in 2004 = 100)|temporal|Year"
4680.png,"circle|temporal|Year|quantitative|Amount (in current US$)"
32701.png,"bar|nominal|Country|quantitative|Life expectancy(years)"
4802.png,"circle|temporal|Year|quantitative|Investment (in US$)"
21939.png,"line|temporal|Year|quantitative|Expenditure (as % of GNI)"
16700.png,"bar|quantitative|Current account balance (current US$)|temporal|Year"
33244.png,"bar|nominal|Country|quantitative|% of women justifying domestic violence"
21808.png,"line|temporal|Year|quantitative|Number of meetings(average for affected firms)"
5509.png,"circle|temporal|Year|quantitative|Unemployed Males (% of male labor force)"
32653.png,"bar|temporal|Year|quantitative|Energy consumed(% of total)"
33149.png,"bar|nominal|Country|quantitative|Energy consumed(% of total)"
32348.png,"bar|nominal|Country|quantitative|Investment (in US$)"
15451.png,"bar|quantitative|% of births|temporal|Year"
32817.png,"bar|temporal|Year|quantitative|% of households with a female head"
32105.png,"bar|nominal|Country|quantitative|Full-time workers(% of total employed)"
22073.png,"line|temporal|Year|quantitative|Investment (in US$)"
4990.png,"circle|temporal|Year|quantitative|Exports (% of total merchandise exports)"
32481.png,"bar|nominal|Country|quantitative|Vulnerable female employment (% of total female employment)"
32507.png,"bar|temporal|Year|quantitative|Unemployment (% of total unemployment)"
32656.png,"bar|temporal|Year|quantitative|Workers(% of females employed)"
16421.png,"bar|quantitative|Investment (in US$)|temporal|Year"
21641.png,"line|temporal|Year|quantitative|Time spent(% of senior management time)"
16384.png,"bar|quantitative|Population(%)|temporal|Year"
33388.png,"bar|nominal|Country|quantitative|Personal remittance (current US$)"
32920.png,"bar|temporal|Year|quantitative|Number of beds (per 1,000 people)"
33051.png,"bar|nominal|Country|quantitative|Net GHG emissions or removals (Mt of CO2 equivalent)"
15819.png,"bar|quantitative|Life expectancy(years)|temporal|Year"
33233.png,"bar|temporal|Year|quantitative|% of women ages 15-49"
4586.png,"circle|temporal|Year|quantitative|Yield kg per hectare"
22190.png,"line|temporal|Year|quantitative|% of female youth population"
16414.png,"bar|quantitative|Current account balance (% of GDP)|temporal|Year"
15955.png,"bar|quantitative|% of children who received DPT vaccine|temporal|Year"
32190.png,"bar|nominal|Country|quantitative|% of female youth population"
32292.png,"bar|nominal|Country|quantitative|Amount of exports(% of total goods exports)"
5350.png,"circle|temporal|Year|quantitative|Unemployed Females (% of female labor force)"
31845.png,"bar|temporal|Year|quantitative|Unemployed Females (% of female labor force)"
21694.png,"line|temporal|Year|quantitative|Current account balance (% of GDP)"
21572.png,"line|temporal|Year|quantitative|Cost of computers, communications and other services (% of commerical service exports)"
33652.png,"bar|temporal|Year|quantitative|Stocks(% of exports of goods, services and primary income)"
21381.png,"line|temporal|Year|quantitative|Number (per 1,000 people)"
21549.png,"line|temporal|Year|quantitative|Rating index(maximum value in 2004 = 100)"
16388.png,"bar|quantitative|Losses(% of output)|nominal|Country"
33507.png,"bar|nominal|Country|quantitative|Part-time female workers(% of females employed)"
32917.png,"bar|nominal|Country|quantitative|Full-time workers(% of total employed)"
15186.png,"bar|quantitative|Intensity (kg per kg of oil equivalent energy use)|temporal|Year"
5183.png,"circle|temporal|Year|quantitative|Agriculture value added per worker (constant 2005 US$)"
31771.png,"bar|nominal|Country|quantitative|Per cubic meter of total freshwater withdrawal(constant 2005 US$ GDP)"
16827.png,"bar|quantitative|Current account balance (current US$)|temporal|Year"
31840.png,"bar|temporal|Year|quantitative|Rating (1=underdeveloped to 7=well developed) "
32160.png,"bar|temporal|Year|quantitative|Yield kg per hectare"
21342.png,"line|temporal|Year|quantitative|Score (0=lowest to 100=highest performance)"
5467.png,"circle|temporal|Year|quantitative|% of commercial services imports"
33444.png,"bar|nominal|Country|quantitative|Female Labor Force(as % of total labor force)"
